gen_file,gen_formula,best_cod,match_level,best_rmsd,best_rmsd_cod,lattice_diff_max_rel,angle_diff_max_deg,volume_diff_rel,gen_crystalsys,cod_crystalsys,candidates
struct_0001_relaxed.cif,Ca2TiSiO6,9001841 Ca2 O6 Si Ti.cif,unique,0.005307987772155026,9001841 Ca2 O6 Si Ti.cif,0.3994232721850988,30.066332041208263,2.8755982546730654,cubic,cubic,[]
struct_0002_relaxed.cif,Ca2TiSiO6,,unique,,,,,,triclinic,,[]
struct_0003_relaxed.cif,CaTi2Si2O,,unique,,,,,,tetragonal,,[]
struct_0004_relaxed.cif,Ca2TiSi2O7,,unique,,,,,,triclinic,,[]
struct_0005_relaxed.cif,CaTi(SiO4)2,,unique,,,,,,trigonal,,[]
struct_0006_relaxed.cif,Ca2Ti4Si3O2,,unique,,,,,,triclinic,,[]
struct_0007_relaxed.cif,CaTi(SiO3)2,,unique,,,,,,triclinic,,[]
struct_0008_relaxed.cif,Ca2Ti(SiO2)3,,unique,,,,,,triclinic,,[]
struct_0009_relaxed.cif,CaTiSiO,,unique,,,,,,trigonal,,[]
struct_0010_relaxed.cif,CaTiSiO,,unique,,,,,,trigonal,,[]
struct_0011_relaxed.cif,CaTi(SiO4)2,,unique,,,,,,triclinic,,[]
struct_0012_relaxed.cif,CaTiSiO,,unique,,,,,,trigonal,,[]
struct_0013_relaxed.cif,Ca2TiSi2O7,,unique,,,,,,triclinic,,[]
struct_0014_relaxed.cif,CaTi2Si2O,,unique,,,,,,tetragonal,,[]
struct_0015_relaxed.cif,Ca2TiSiO,,unique,,,,,,tetragonal,,[]
struct_0016_relaxed.cif,Ti2SiO6,,unique,,,,,,trigonal,,[]
struct_0017_relaxed.cif,CaTiSiO6,,unique,,,,,,trigonal,,[]
struct_0018_relaxed.cif,CaTi(SiO4)2,,unique,,,,,,triclinic,,[]
struct_0019_relaxed.cif,CaTiSiO,,unique,,,,,,orthorhombic,,[]
struct_0020_relaxed.cif,CaTiSiO,,unique,,,,,,trigonal,,[]
struct_0021_relaxed.cif,CaTiSiO,,unique,,,,,,trigonal,,[]
struct_0022_relaxed.cif,Ca2TiSiO6,9001841 Ca2 O6 Si Ti.cif,unique,0.005301927176469782,9001841 Ca2 O6 Si Ti.cif,0.4035891519319871,29.997367587607755,2.9041488975080862,cubic,cubic,[]
struct_0023_relaxed.cif,Ca3Ti3(SiO6)2,,unique,,,,,,monoclinic,,[]
struct_0024_relaxed.cif,CaTiSi2O5,,unique,,,,,,triclinic,,[]
struct_0025_relaxed.cif,CaTiSiO4,,unique,,,,,,triclinic,,[]
struct_0026_relaxed.cif,Ca2TiSiO6,9001841 Ca2 O6 Si Ti.cif,unique,0.005319788057397924,9001841 Ca2 O6 Si Ti.cif,0.400271708228721,30.003222165599944,2.880820065340584,cubic,cubic,[]
struct_0027_relaxed.cif,CaTiSiO,,unique,,,,,,tetragonal,,[]
struct_0028_relaxed.cif,Ca2TiSiO6,9001841 Ca2 O6 Si Ti.cif,unique,0.083642327983666,9001841 Ca2 O6 Si Ti.cif,0.40856446918492406,29.825847612779683,2.8998351850741817,tetragonal,cubic,[]
struct_0029_relaxed.cif,Ca2Ti2(SiO3)3,,unique,,,,,,triclinic,,[]
struct_0030_relaxed.cif,Ca2TiSiO6,9001841 Ca2 O6 Si Ti.cif,unique,0.0866329329259176,9001841 Ca2 O6 Si Ti.cif,0.4060934751403688,29.875038238775105,2.9169957395670805,triclinic,cubic,[]
struct_0031_relaxed.cif,CaTiSiO,,unique,,,,,,tetragonal,,[]
struct_0032_relaxed.cif,CaTi3(SiO5)2,,unique,,,,,,triclinic,,[]
struct_0033_relaxed.cif,Ca2Ti2SiO7,,unique,,,,,,triclinic,,[]
struct_0034_relaxed.cif,Ca2TiSiO6,9001841 Ca2 O6 Si Ti.cif,unique,0.005286401370899946,9001841 Ca2 O6 Si Ti.cif,0.3940958533988379,30.191479733814546,2.844275589449027,trigonal,cubic,[]
struct_0035_relaxed.cif,CaTi(SiO4)2,,unique,,,,,,trigonal,,[]
struct_0036_relaxed.cif,Ca3Ti(SiO4)2,,unique,,,,,,triclinic,,[]
struct_0037_relaxed.cif,Ca2Ti2Si3O10,,unique,,,,,,triclinic,,[]
struct_0038_relaxed.cif,Ca2Ti4(SiO)3,,unique,,,,,,monoclinic,,[]
struct_0039_relaxed.cif,Ti2SiO2,,unique,,,,,,tetragonal,,[]
struct_0040_relaxed.cif,CaTi(SiO3)2,,unique,,,,,,triclinic,,[]
struct_0041_relaxed.cif,CaTiSiO,,unique,,,,,,trigonal,,[]
struct_0042_relaxed.cif,CaTiSiO5,9005927 Ca O5 Si Ti.cif,unique,0.008376450337565167,9005927 Ca O5 Si Ti.cif,0.2866851399715285,15.81536062481372,0.9784330062156941,monoclinic,monoclinic,[]
struct_0043_relaxed.cif,CaTiSi3O7,,unique,,,,,,trigonal,,[]
struct_0044_relaxed.cif,CaTiSi2O7,,unique,,,,,,monoclinic,,[]
struct_0045_relaxed.cif,CaTiSiO5,,unique,0.5192526233007713,,,,,triclinic,,[]
struct_0046_relaxed.cif,CaTi2Si2O,,unique,,,,,,tetragonal,,[]
struct_0047_relaxed.cif,Ca3TiSi3O11,,unique,,,,,,triclinic,,[]
struct_0048_relaxed.cif,Ca2Ti2SiO10,,unique,,,,,,triclinic,,[]
struct_0049_relaxed.cif,Ca2TiSiO6,9001841 Ca2 O6 Si Ti.cif,unique,0.08385496319978013,9001841 Ca2 O6 Si Ti.cif,0.40952500951638876,29.978323269561344,2.9407154850898225,triclinic,cubic,[]
struct_0050_relaxed.cif,Ca2TiSiO6,9001841 Ca2 O6 Si Ti.cif,unique,0.08704208022771451,9001841 Ca2 O6 Si Ti.cif,0.4020410625208294,29.82112086958545,2.8792289248538583,triclinic,cubic,[]
struct_0051_relaxed.cif,CaTi2Si2O,,unique,,,,,,tetragonal,,[]
struct_0052_relaxed.cif,CaTiSiO4,,unique,,,,,,triclinic,,[]
struct_0053_relaxed.cif,Ca2TiSiO5,,unique,,,,,,monoclinic,,[]
struct_0054_relaxed.cif,CaSiO3,,unique,,,,,,cubic,,[]
struct_0055_relaxed.cif,CaTiSiO,,unique,,,,,,trigonal,,[]
struct_0056_relaxed.cif,CaTi(SiO4)2,,unique,,,,,,trigonal,,[]
struct_0057_relaxed.cif,CaSiO2,,unique,,,,,,triclinic,,[]
struct_0058_relaxed.cif,CaTi2Si2O7,,unique,,,,,,triclinic,,[]
struct_0059_relaxed.cif,CaTi2SiO8,,unique,,,,,,orthorhombic,,[]
struct_0060_relaxed.cif,Ca3Ti2Si2O11,,unique,,,,,,triclinic,,[]
struct_0061_relaxed.cif,CaTi2Si2O9,,unique,,,,,,monoclinic,,[]
struct_0062_relaxed.cif,Ca3Ti2SiO10,,unique,,,,,,triclinic,,[]
struct_0063_relaxed.cif,CaSiO2,,unique,,,,,,triclinic,,[]
struct_0064_relaxed.cif,CaTi(SiO4)2,,unique,,,,,,triclinic,,[]
struct_0065_relaxed.cif,CaTiSiO5,9002437 Ca O5 Si Ti.cif,unique,0.4455075633146759,9002437 Ca O5 Si Ti.cif,0.3211352464221871,15.698754154230727,0.8243136406578501,triclinic,monoclinic,[]
struct_0066_relaxed.cif,CaTiSiO,,unique,,,,,,monoclinic,,[]
struct_0067_relaxed.cif,CaTi(SiO4)2,,unique,,,,,,trigonal,,[]
struct_0068_relaxed.cif,Ca2TiSiO,,unique,,,,,,tetragonal,,[]
struct_0069_relaxed.cif,CaTi2SiO6,,unique,,,,,,triclinic,,[]
struct_0070_relaxed.cif,Ti2SiO,,unique,,,,,,tetragonal,,[]
struct_0071_relaxed.cif,Ca5Ti(SiO5)2,,unique,,,,,,triclinic,,[]
struct_0072_relaxed.cif,CaSiO2,,unique,,,,,,triclinic,,[]
struct_0073_relaxed.cif,Ca2TiSiO6,,unique,0.6065778900950323,,,,,triclinic,,[]
struct_0074_relaxed.cif,CaTi3(SiO)2,,unique,,,,,,tetragonal,,[]
struct_0075_relaxed.cif,CaTiSiO5,,unique,,,,,,triclinic,,[]
struct_0076_relaxed.cif,Ca3Ti(SiO4)2,,unique,,,,,,monoclinic,,[]
struct_0077_relaxed.cif,CaTi(SiO4)2,,unique,,,,,,triclinic,,[]
struct_0078_relaxed.cif,CaTiSiO,,unique,,,,,,trigonal,,[]
struct_0079_relaxed.cif,Ca2Ti2Si2O9,,unique,,,,,,monoclinic,,[]
struct_0080_relaxed.cif,CaTi(SiO4)2,,unique,,,,,,monoclinic,,[]
struct_0081_relaxed.cif,CaTiSiO5,9005927 Ca O5 Si Ti.cif,unique,0.010518978639623994,9005927 Ca O5 Si Ti.cif,0.2852749170558151,15.835883834497665,0.9693563961257693,monoclinic,monoclinic,[]
struct_0082_relaxed.cif,Ca4Ti5(SiO)3,,unique,,,,,,triclinic,,[]
struct_0083_relaxed.cif,Ca2TiSi4O11,,unique,,,,,,triclinic,,[]
struct_0084_relaxed.cif,CaTiSiO5,9005927 Ca O5 Si Ti.cif,unique,0.012369301008566263,9005927 Ca O5 Si Ti.cif,0.2842241012772639,15.703589842322799,0.9598359327237032,monoclinic,monoclinic,[]
struct_0085_relaxed.cif,CaTi(SiO2)2,,unique,,,,,,monoclinic,,[]
struct_0086_relaxed.cif,CaTiSiO,,unique,,,,,,trigonal,,[]
struct_0087_relaxed.cif,CaTi(SiO4)2,,unique,,,,,,triclinic,,[]
struct_0088_relaxed.cif,CaTiSiO5,9005927 Ca O5 Si Ti.cif,unique,0.011855026301487126,9005927 Ca O5 Si Ti.cif,0.28545136342465466,15.80054458815448,0.9657565045065161,monoclinic,monoclinic,[]
struct_0089_relaxed.cif,Ca4Ti(SiO4)3,,unique,,,,,,triclinic,,[]
struct_0090_relaxed.cif,Ca2TiSiO6,9001841 Ca2 O6 Si Ti.cif,unique,0.08536697924538511,9001841 Ca2 O6 Si Ti.cif,0.4013788978651962,29.890744112108678,2.8798372921804685,trigonal,cubic,[]
struct_0091_relaxed.cif,CaTi2Si2O,,unique,,,,,,tetragonal,,[]
struct_0092_relaxed.cif,CaSiO2,,unique,,,,,,triclinic,,[]
struct_0093_relaxed.cif,CaTiSi2O7,,unique,,,,,,monoclinic,,[]
struct_0094_relaxed.cif,CaTi2(SiO4)3,,unique,,,,,,triclinic,,[]
struct_0095_relaxed.cif,Ca2Ti3(SiO)2,,unique,,,,,,orthorhombic,,[]
struct_0096_relaxed.cif,Ca2TiSiO4,,unique,,,,,,triclinic,,[]
struct_0097_relaxed.cif,CaTiSiO6,,unique,,,,,,trigonal,,[]
struct_0098_relaxed.cif,Ca2Si2O,,unique,,,,,,tetragonal,,[]
struct_0099_relaxed.cif,CaTiSiO6,,unique,,,,,,monoclinic,,[]
struct_0100_relaxed.cif,CaTi3(SiO)2,,unique,,,,,,tetragonal,,[]
struct_0101_relaxed.cif,CaTiSiO5,9005927 Ca O5 Si Ti.cif,unique,0.009195088154982168,9005927 Ca O5 Si Ti.cif,0.28587716091446175,15.786681680006438,0.9697015172997134,monoclinic,monoclinic,[]
struct_0102_relaxed.cif,CaSiO2,,unique,,,,,,monoclinic,,[]
struct_0103_relaxed.cif,Ca3Ti2Si2O,,unique,,,,,,tetragonal,,[]
struct_0104_relaxed.cif,TiSi2O,,unique,,,,,,triclinic,,[]
struct_0105_relaxed.cif,CaTiSi,,unique,,,,,,tetragonal,,[]
struct_0106_relaxed.cif,CaTi(SiO3)2,,unique,,,,,,triclinic,,[]
struct_0107_relaxed.cif,Ca2TiSi2O7,,unique,,,,,,monoclinic,,[]
struct_0108_relaxed.cif,CaTiSiO,,unique,,,,,,trigonal,,[]
struct_0109_relaxed.cif,CaTi3SiO7,,unique,,,,,,triclinic,,[]
struct_0110_relaxed.cif,CaTi2SiO8,,unique,,,,,,monoclinic,,[]
struct_0111_relaxed.cif,CaTiO2,,unique,,,,,,orthorhombic,,[]
struct_0112_relaxed.cif,Ca4Ti(SiO4)3,,unique,,,,,,triclinic,,[]
struct_0113_relaxed.cif,Ca3Ti(SiO3)4,,unique,,,,,,triclinic,,[]
struct_0114_relaxed.cif,CaSiO2,,unique,,,,,,monoclinic,,[]
struct_0115_relaxed.cif,CaTi2Si2O7,,unique,,,,,,monoclinic,,[]
struct_0116_relaxed.cif,CaTi(SiO4)2,,unique,,,,,,triclinic,,[]
struct_0117_relaxed.cif,CaTi2(SiO)2,,unique,,,,,,tetragonal,,[]
struct_0118_relaxed.cif,Ca2TiSiO5,,unique,,,,,,triclinic,,[]
struct_0119_relaxed.cif,Ca2TiSi4O13,,unique,,,,,,triclinic,,[]
struct_0120_relaxed.cif,Ca2Ti2Si3O,,unique,,,,,,triclinic,,[]
struct_0121_relaxed.cif,Ca2TiSi2O7,,unique,,,,,,triclinic,,[]
struct_0122_relaxed.cif,CaTiSiO,,unique,,,,,,tetragonal,,[]
struct_0123_relaxed.cif,CaSi2O,,unique,,,,,,trigonal,,[]
struct_0124_relaxed.cif,CaTi2Si2O9,,unique,,,,,,triclinic,,[]
struct_0125_relaxed.cif,CaTi(SiO3)2,,unique,,,,,,triclinic,,[]
struct_0126_relaxed.cif,TiO,,unique,,,,,,triclinic,,[]
struct_0127_relaxed.cif,Ca2TiSiO6,,unique,,,,,,triclinic,,[]
struct_0128_relaxed.cif,Ca2Ti2Si3O7,,unique,,,,,,triclinic,,[]
struct_0129_relaxed.cif,CaSiO2,,unique,,,,,,trigonal,,[]
struct_0130_relaxed.cif,Ca2Ti2SiO,,unique,,,,,,tetragonal,,[]
struct_0131_relaxed.cif,CaTi3SiO7,,unique,,,,,,triclinic,,[]
struct_0132_relaxed.cif,CaTi(SiO3)2,,unique,,,,,,triclinic,,[]
struct_0133_relaxed.cif,CaTiSiO5,9005927 Ca O5 Si Ti.cif,unique,0.011436095840515317,9005927 Ca O5 Si Ti.cif,0.2841006857141827,15.756231141712007,0.9658274233032857,monoclinic,monoclinic,[]
struct_0134_relaxed.cif,CaTi(SiO3)2,,unique,,,,,,trigonal,,[]
struct_0135_relaxed.cif,CaSi2O,,unique,,,,,,trigonal,,[]
struct_0136_relaxed.cif,Ca2TiSiO2,,unique,,,,,,trigonal,,[]
struct_0137_relaxed.cif,CaTiSiO,,unique,,,,,,orthorhombic,,[]
struct_0138_relaxed.cif,CaTiSiO,,unique,,,,,,orthorhombic,,[]
struct_0139_relaxed.cif,CaTiSiO,,unique,,,,,,triclinic,,[]
struct_0140_relaxed.cif,Ca2TiSiO,,unique,,,,,,orthorhombic,,[]
struct_0141_relaxed.cif,CaSiO2,,unique,,,,,,triclinic,,[]
struct_0142_relaxed.cif,CaTiSiO,,unique,,,,,,trigonal,,[]
struct_0143_relaxed.cif,CaTi(SiO4)2,,unique,,,,,,triclinic,,[]
struct_0144_relaxed.cif,CaTi(SiO3)2,,unique,,,,,,triclinic,,[]
struct_0145_relaxed.cif,Ca3Ti(SiO3)4,,unique,,,,,,triclinic,,[]
struct_0146_relaxed.cif,CaTi2Si2O,,unique,,,,,,tetragonal,,[]
struct_0147_relaxed.cif,CaSi2O5,,unique,,,,,,triclinic,,[]
struct_0148_relaxed.cif,CaSiO2,,unique,,,,,,monoclinic,,[]
struct_0149_relaxed.cif,CaTi2Si2O,,unique,,,,,,tetragonal,,[]
struct_0150_relaxed.cif,Ca2TiSi4O11,,unique,,,,,,triclinic,,[]
struct_0151_relaxed.cif,CaTi2Si3O4,,unique,,,,,,triclinic,,[]
struct_0152_relaxed.cif,Ca3Ti2Si2O11,,unique,,,,,,triclinic,,[]
struct_0153_relaxed.cif,CaSi2O,,unique,,,,,,monoclinic,,[]
struct_0154_relaxed.cif,Ca4TiSi2O7,,unique,,,,,,triclinic,,[]
struct_0155_relaxed.cif,Ca2Ti2SiO3,,unique,,,,,,trigonal,,[]
struct_0156_relaxed.cif,CaTiSi,,unique,,,,,,cubic,,[]
struct_0157_relaxed.cif,Ca(SiO)2,,unique,,,,,,orthorhombic,,[]
struct_0158_relaxed.cif,CaTiSiO,,unique,,,,,,orthorhombic,,[]
struct_0159_relaxed.cif,Ca2Ti2Si3O8,,unique,,,,,,triclinic,,[]
struct_0160_relaxed.cif,Ca2TiSiO6,,unique,0.5457367733371753,,,,,triclinic,,[]
struct_0161_relaxed.cif,Ca2TiSi2O9,,unique,,,,,,triclinic,,[]
struct_0162_relaxed.cif,CaTiSi2O7,,unique,,,,,,triclinic,,[]
struct_0163_relaxed.cif,Ca2Ti2Si2O,,unique,,,,,,tetragonal,,[]
struct_0164_relaxed.cif,CaTiSi,,unique,,,,,,trigonal,,[]
struct_0165_relaxed.cif,CaSiO3,,unique,,,,,,monoclinic,,[]
struct_0166_relaxed.cif,CaTiSiO,,unique,,,,,,trigonal,,[]
struct_0167_relaxed.cif,CaTi2SiO6,,unique,,,,,,triclinic,,[]
struct_0168_relaxed.cif,CaTi(SiO4)2,,unique,,,,,,triclinic,,[]
struct_0169_relaxed.cif,CaTiSiO5,,unique,,,,,,triclinic,,[]
struct_0170_relaxed.cif,Ca2TiSi2O9,,unique,,,,,,triclinic,,[]
struct_0171_relaxed.cif,CaTiSiO4,,unique,,,,,,triclinic,,[]
struct_0172_relaxed.cif,TiSi2O5,,unique,,,,,,triclinic,,[]
struct_0173_relaxed.cif,Ca2Ti3Si2O11,,unique,,,,,,triclinic,,[]
struct_0174_relaxed.cif,CaTi2(SiO)2,,unique,,,,,,tetragonal,,[]
struct_0175_relaxed.cif,Ca2Ti2Si2O,,unique,,,,,,monoclinic,,[]
struct_0176_relaxed.cif,CaSi2O,,unique,,,,,,trigonal,,[]
struct_0177_relaxed.cif,CaSi2O,,unique,,,,,,monoclinic,,[]
struct_0178_relaxed.cif,CaTiSiO,,unique,,,,,,orthorhombic,,[]
struct_0179_relaxed.cif,Ca2TiSiO6,9001841 Ca2 O6 Si Ti.cif,unique,0.0852508024552556,9001841 Ca2 O6 Si Ti.cif,0.40971217007238997,29.891951526308702,2.9152588460918447,tetragonal,cubic,[]
struct_0180_relaxed.cif,Ca2Ti2SiO3,,unique,,,,,,orthorhombic,,[]
struct_0181_relaxed.cif,Ca2TiSiO6,9001841 Ca2 O6 Si Ti.cif,unique,0.08653870019089487,9001841 Ca2 O6 Si Ti.cif,0.40605339610626284,29.994060566212084,2.92473482912636,triclinic,cubic,[]
struct_0182_relaxed.cif,CaTi(SiO4)2,,unique,,,,,,triclinic,,[]
struct_0183_relaxed.cif,CaTiSiO5,9005927 Ca O5 Si Ti.cif,unique,0.008173644084586902,9005927 Ca O5 Si Ti.cif,0.2856151096573101,15.815562938211869,0.9743148698848644,monoclinic,monoclinic,[]
struct_0184_relaxed.cif,CaTi(SiO4)2,,unique,,,,,,triclinic,,[]
struct_0185_relaxed.cif,CaSi2O,,unique,,,,,,monoclinic,,[]
struct_0186_relaxed.cif,CaSiO,,unique,,,,,,monoclinic,,[]
struct_0187_relaxed.cif,Ca2TiSiO6,,unique,,,,,,tetragonal,,[]
struct_0188_relaxed.cif,CaSiO,,unique,,,,,,triclinic,,[]
struct_0189_relaxed.cif,CaTi2(SiO)3,,unique,,,,,,monoclinic,,[]
struct_0190_relaxed.cif,CaSiO,,unique,,,,,,monoclinic,,[]
struct_0191_relaxed.cif,Ca2Ti2Si2O,,unique,,,,,,tetragonal,,[]
struct_0192_relaxed.cif,CaTi2(SiO3)3,,unique,,,,,,triclinic,,[]
struct_0193_relaxed.cif,CaTi(SiO4)2,,unique,,,,,,monoclinic,,[]
struct_0194_relaxed.cif,CaTiSiO,,unique,,,,,,monoclinic,,[]
struct_0195_relaxed.cif,Ca2Ti2SiO2,,unique,,,,,,triclinic,,[]
struct_0196_relaxed.cif,CaTi2Si4O3,,unique,,,,,,monoclinic,,[]
struct_0197_relaxed.cif,CaTi2SiO2,,unique,,,,,,triclinic,,[]
struct_0198_relaxed.cif,CaTi(SiO3)2,,unique,,,,,,triclinic,,[]
struct_0199_relaxed.cif,Ca2TiSi2O9,,unique,,,,,,triclinic,,[]
struct_0200_relaxed.cif,CaTiSiO6,,unique,,,,,,trigonal,,[]
struct_0201_relaxed.cif,CaTi(SiO4)2,,unique,,,,,,triclinic,,[]
struct_0202_relaxed.cif,Ca2TiSi3O10,,unique,,,,,,triclinic,,[]
struct_0203_relaxed.cif,CaTi(SiO4)2,,unique,,,,,,monoclinic,,[]
struct_0204_relaxed.cif,CaTiSiO,,unique,,,,,,hexagonal,,[]
struct_0205_relaxed.cif,CaTi(SiO4)2,,unique,,,,,,triclinic,,[]
struct_0206_relaxed.cif,CaTiSi2O7,,unique,,,,,,monoclinic,,[]
struct_0207_relaxed.cif,CaTi2Si2O7,,unique,,,,,,monoclinic,,[]
struct_0208_relaxed.cif,CaTiSiO,,unique,,,,,,trigonal,,[]
struct_0209_relaxed.cif,Ca2TiSiO6,9001841 Ca2 O6 Si Ti.cif,unique,0.08400253586481025,9001841 Ca2 O6 Si Ti.cif,0.4066364710350946,29.79824300849765,2.885275973339989,tetragonal,cubic,[]
struct_0210_relaxed.cif,Ca2TiSiO4,,unique,,,,,,triclinic,,[]
struct_0211_relaxed.cif,CaTiSiO,,unique,,,,,,orthorhombic,,[]
struct_0212_relaxed.cif,CaTi(SiO3)2,,unique,,,,,,triclinic,,[]
struct_0213_relaxed.cif,CaTiSiO,,unique,,,,,,orthorhombic,,[]
struct_0214_relaxed.cif,CaTi(SiO4)2,,unique,,,,,,triclinic,,[]
struct_0215_relaxed.cif,Ca2TiSiO8,,unique,,,,,,monoclinic,,[]
struct_0216_relaxed.cif,Ca2Ti3SiO10,,unique,,,,,,triclinic,,[]
struct_0217_relaxed.cif,Ca2TiSiO6,9001841 Ca2 O6 Si Ti.cif,unique,0.08816513146252482,9001841 Ca2 O6 Si Ti.cif,0.4071039101827114,29.691558287303693,2.9096125332363463,trigonal,cubic,[]
struct_0218_relaxed.cif,Ca2TiSiO2,,unique,,,,,,tetragonal,,[]
struct_0219_relaxed.cif,CaTiSiO5,9005927 Ca O5 Si Ti.cif,unique,0.012952079871010325,9005927 Ca O5 Si Ti.cif,0.284101993679933,15.776085109416243,0.9591091000371178,triclinic,monoclinic,[]
struct_0220_relaxed.cif,Ca2Ti2Si3O,,unique,,,,,,tetragonal,,[]
struct_0221_relaxed.cif,CaTi(SiO4)2,,unique,,,,,,triclinic,,[]
struct_0222_relaxed.cif,CaTi(SiO4)2,,unique,,,,,,triclinic,,[]
struct_0223_relaxed.cif,Ca2Ti(SiO4)2,,unique,,,,,,triclinic,,[]
struct_0224_relaxed.cif,Ca2TiSiO4,,unique,,,,,,monoclinic,,[]
struct_0225_relaxed.cif,CaTiSiO,,unique,,,,,,tetragonal,,[]
struct_0226_relaxed.cif,CaSiO2,,unique,,,,,,triclinic,,[]
struct_0227_relaxed.cif,CaTiSiO6,,unique,,,,,,trigonal,,[]
struct_0228_relaxed.cif,Ca2TiSiO6,9001841 Ca2 O6 Si Ti.cif,unique,0.08701443586736676,9001841 Ca2 O6 Si Ti.cif,0.40298462732891216,30.036300793464974,2.888212876495894,monoclinic,cubic,[]
struct_0229_relaxed.cif,CaTiSiO,,unique,,,,,,tetragonal,,[]
struct_0230_relaxed.cif,Ca2Ti(SiO3)2,,unique,,,,,,triclinic,,[]
struct_0231_relaxed.cif,CaTi2SiO,,unique,,,,,,tetragonal,,[]
struct_0232_relaxed.cif,CaTiSiO6,,unique,,,,,,monoclinic,,[]
struct_0233_relaxed.cif,CaTiSi2O7,,unique,,,,,,triclinic,,[]
struct_0234_relaxed.cif,CaTi(SiO4)2,,unique,,,,,,trigonal,,[]
struct_0235_relaxed.cif,CaTiSiO,,unique,,,,,,orthorhombic,,[]
struct_0236_relaxed.cif,Ca2TiSiO6,9001841 Ca2 O6 Si Ti.cif,unique,0.08852612689318785,9001841 Ca2 O6 Si Ti.cif,0.40612463239885044,29.910994657397325,2.914972007483897,monoclinic,cubic,[]
struct_0237_relaxed.cif,CaTi2Si4O,,unique,,,,,,triclinic,,[]
struct_0238_relaxed.cif,CaTi(SiO4)2,,unique,,,,,,triclinic,,[]
struct_0239_relaxed.cif,Ca2TiSiO6,,unique,0.5483858891546722,,,,,monoclinic,,[]
struct_0240_relaxed.cif,CaTi(SiO4)2,,unique,,,,,,monoclinic,,[]
struct_0241_relaxed.cif,Ca2TiSiO6,9001841 Ca2 O6 Si Ti.cif,unique,0.005291789599645302,9001841 Ca2 O6 Si Ti.cif,0.39746593804138036,30.075926706719223,2.8600268717671784,cubic,cubic,[]
struct_0242_relaxed.cif,CaTiSiO5,9005927 Ca O5 Si Ti.cif,unique,0.009178983140187648,9005927 Ca O5 Si Ti.cif,0.28591007125817075,15.69559902216045,0.9746906026968947,monoclinic,monoclinic,[]
struct_0243_relaxed.cif,Ca3Ti(SiO3)4,,unique,,,,,,triclinic,,[]
struct_0244_relaxed.cif,CaTiSiO5,9005927 Ca O5 Si Ti.cif,unique,0.010314314607171417,9005927 Ca O5 Si Ti.cif,0.283496035184633,15.693080073426373,0.9586401384280392,monoclinic,monoclinic,[]
struct_0245_relaxed.cif,CaTi2SiO,,unique,,,,,,tetragonal,,[]
struct_0246_relaxed.cif,CaTiSi,,unique,,,,,,trigonal,,[]
struct_0247_relaxed.cif,CaSiO3,,unique,,,,,,monoclinic,,[]
struct_0248_relaxed.cif,CaSiO,,unique,,,,,,trigonal,,[]
struct_0249_relaxed.cif,CaTiSiO,,unique,,,,,,trigonal,,[]
struct_0250_relaxed.cif,CaTiSiO6,,unique,,,,,,trigonal,,[]
struct_0251_relaxed.cif,CaTi(SiO)2,,unique,,,,,,triclinic,,[]
struct_0252_relaxed.cif,CaTi3SiO9,,unique,,,,,,triclinic,,[]
struct_0253_relaxed.cif,CaTiSi,,unique,,,,,,hexagonal,,[]
struct_0254_relaxed.cif,CaSiO4,,unique,,,,,,tetragonal,,[]
struct_0255_relaxed.cif,Ca2TiSi2,,unique,,,,,,orthorhombic,,[]
struct_0256_relaxed.cif,CaTiSiO5,9005927 Ca O5 Si Ti.cif,unique,0.0106283755568708,9005927 Ca O5 Si Ti.cif,0.28464471188884066,15.687717589959846,0.9678277647996144,monoclinic,monoclinic,[]
struct_0257_relaxed.cif,CaTi2Si2O,,unique,,,,,,tetragonal,,[]
struct_0258_relaxed.cif,Ca2TiSiO6,9001841 Ca2 O6 Si Ti.cif,unique,0.08364771495960072,9001841 Ca2 O6 Si Ti.cif,0.4090465111526038,29.802421890632232,2.8969461431886714,tetragonal,cubic,[]
struct_0259_relaxed.cif,Ca2TiSiO6,9001841 Ca2 O6 Si Ti.cif,unique,0.0841530566194802,9001841 Ca2 O6 Si Ti.cif,0.4079612284298983,29.87879795649745,2.911984563903432,triclinic,cubic,[]
struct_0260_relaxed.cif,CaSi2O,,unique,,,,,,trigonal,,[]
struct_0261_relaxed.cif,CaSi2O,,unique,,,,,,trigonal,,[]
struct_0262_relaxed.cif,CaTiSiO5,9005927 Ca O5 Si Ti.cif,unique,0.011302560662174721,9005927 Ca O5 Si Ti.cif,0.285276412088214,15.817101045268558,0.9630691000942303,monoclinic,monoclinic,[]
struct_0263_relaxed.cif,CaSiO2,,unique,,,,,,monoclinic,,[]
struct_0264_relaxed.cif,Ca2Ti2Si2O,,unique,,,,,,tetragonal,,[]
struct_0265_relaxed.cif,Ca3Ti(SiO3)4,,unique,,,,,,monoclinic,,[]
struct_0266_relaxed.cif,CaTiSiO6,,unique,,,,,,trigonal,,[]
struct_0267_relaxed.cif,CaTiSiO,,unique,,,,,,trigonal,,[]
struct_0268_relaxed.cif,CaTi2Si3O10,,unique,,,,,,triclinic,,[]
struct_0269_relaxed.cif,Ca2TiSiO6,9001841 Ca2 O6 Si Ti.cif,unique,0.005312954907453919,9001841 Ca2 O6 Si Ti.cif,0.40045770297461397,30.01456776877827,2.882738929168091,cubic,cubic,[]
struct_0270_relaxed.cif,CaTi2Si2O,,unique,,,,,,tetragonal,,[]
struct_0271_relaxed.cif,Ca2Ti3(SiO)2,,unique,,,,,,monoclinic,,[]
struct_0272_relaxed.cif,CaTi4Si2O3,,unique,,,,,,orthorhombic,,[]
struct_0273_relaxed.cif,CaTi2Si2O,,unique,,,,,,tetragonal,,[]
struct_0274_relaxed.cif,CaTiSiO,,unique,,,,,,tetragonal,,[]
struct_0275_relaxed.cif,Ca3Ti2SiO9,,unique,,,,,,triclinic,,[]
struct_0276_relaxed.cif,CaTi(SiO4)2,,unique,,,,,,triclinic,,[]
struct_0277_relaxed.cif,Ca2TiSi2,,unique,,,,,,orthorhombic,,[]
struct_0278_relaxed.cif,CaSi3O2,,unique,,,,,,monoclinic,,[]
struct_0279_relaxed.cif,CaTi2Si3O2,,unique,,,,,,triclinic,,[]
struct_0280_relaxed.cif,Ca2Ti2Si2O,,unique,,,,,,tetragonal,,[]
struct_0281_relaxed.cif,CaTiSi3O10,,unique,,,,,,triclinic,,[]
struct_0282_relaxed.cif,CaTiSiO,,unique,,,,,,trigonal,,[]
struct_0283_relaxed.cif,TiSiO2,,unique,,,,,,monoclinic,,[]
struct_0284_relaxed.cif,CaTi(SiO4)2,,unique,,,,,,triclinic,,[]
struct_0285_relaxed.cif,CaSiO2,,unique,,,,,,monoclinic,,[]
struct_0286_relaxed.cif,CaTiSi2O7,,unique,,,,,,triclinic,,[]
struct_0287_relaxed.cif,CaTi2Si2O,,unique,,,,,,tetragonal,,[]
struct_0288_relaxed.cif,Ca2TiSi2O7,,unique,,,,,,triclinic,,[]
struct_0289_relaxed.cif,TiSiO2,,unique,,,,,,monoclinic,,[]
struct_0290_relaxed.cif,Ca2Ti2SiO7,,unique,,,,,,monoclinic,,[]
struct_0291_relaxed.cif,CaSi2O3,,unique,,,,,,triclinic,,[]
struct_0292_relaxed.cif,Ca2TiSiO2,,unique,,,,,,tetragonal,,[]
struct_0293_relaxed.cif,CaTi(SiO3)2,,unique,,,,,,monoclinic,,[]
struct_0294_relaxed.cif,CaTiSi2O7,,unique,,,,,,monoclinic,,[]
struct_0295_relaxed.cif,CaSi2O,,unique,,,,,,trigonal,,[]
struct_0296_relaxed.cif,CaTiSiO,,unique,,,,,,tetragonal,,[]
struct_0297_relaxed.cif,CaTiSiO6,,unique,,,,,,trigonal,,[]
struct_0298_relaxed.cif,CaTiSiO,,unique,,,,,,triclinic,,[]
struct_0299_relaxed.cif,CaTi(SiO4)2,,unique,,,,,,triclinic,,[]
struct_0300_relaxed.cif,CaTi(SiO4)2,,unique,,,,,,monoclinic,,[]
struct_0301_relaxed.cif,Ca2TiSiO6,9001841 Ca2 O6 Si Ti.cif,unique,0.08422062314224293,9001841 Ca2 O6 Si Ti.cif,0.4085494815409115,29.91500843582463,2.9205177422866786,tetragonal,cubic,[]
struct_0302_relaxed.cif,CaTiSi2O7,,unique,,,,,,triclinic,,[]
struct_0303_relaxed.cif,Ca2Ti2Si2O9,,unique,,,,,,triclinic,,[]
struct_0304_relaxed.cif,CaTi2SiO6,,unique,,,,,,triclinic,,[]
struct_0305_relaxed.cif,Ca2Ti2Si2O,,unique,,,,,,tetragonal,,[]
struct_0306_relaxed.cif,CaTi2Si2O,,unique,,,,,,trigonal,,[]
struct_0307_relaxed.cif,TiSiO2,,unique,,,,,,monoclinic,,[]
struct_0308_relaxed.cif,CaTi(SiO)2,,unique,,,,,,trigonal,,[]
struct_0309_relaxed.cif,CaTi2SiO8,,unique,,,,,,monoclinic,,[]
struct_0310_relaxed.cif,CaTiSiO5,9005927 Ca O5 Si Ti.cif,unique,0.012197118136289799,9005927 Ca O5 Si Ti.cif,0.2846858526599499,15.70092078759022,0.9624506388048476,monoclinic,monoclinic,[]
struct_0311_relaxed.cif,Ca4TiSi2O9,,unique,,,,,,triclinic,,[]
struct_0312_relaxed.cif,CaTi(SiO4)2,,unique,,,,,,triclinic,,[]
struct_0313_relaxed.cif,CaTiSiO,,unique,,,,,,monoclinic,,[]
struct_0314_relaxed.cif,CaSiO2,,unique,,,,,,triclinic,,[]
struct_0315_relaxed.cif,CaTi2Si2O,,unique,,,,,,tetragonal,,[]
struct_0316_relaxed.cif,SiO3,,unique,,,,,,monoclinic,,[]
struct_0317_relaxed.cif,TiSiO,,unique,,,,,,trigonal,,[]
struct_0318_relaxed.cif,CaTiSiO,,unique,,,,,,trigonal,,[]
struct_0319_relaxed.cif,CaTiSiO,,unique,,,,,,tetragonal,,[]
struct_0320_relaxed.cif,CaSi2O,,unique,,,,,,monoclinic,,[]
struct_0321_relaxed.cif,CaTiSi2O7,,unique,,,,,,monoclinic,,[]
struct_0322_relaxed.cif,CaTiSiO6,,unique,,,,,,trigonal,,[]
struct_0323_relaxed.cif,CaTi(SiO4)2,,unique,,,,,,monoclinic,,[]
struct_0324_relaxed.cif,CaTiSiO5,9005927 Ca O5 Si Ti.cif,unique,0.008743099273604728,9005927 Ca O5 Si Ti.cif,0.28550051960634604,15.897648327757764,0.9704959425997592,monoclinic,monoclinic,[]
struct_0325_relaxed.cif,CaTi(SiO4)2,,unique,,,,,,triclinic,,[]
struct_0326_relaxed.cif,CaTi2SiO7,,unique,,,,,,triclinic,,[]
struct_0327_relaxed.cif,Ca2TiSiO6,,unique,0.6093450412022638,,,,,triclinic,,[]
struct_0328_relaxed.cif,CaTi2SiO5,,unique,,,,,,tetragonal,,[]
struct_0329_relaxed.cif,Ca2TiSiO6,9001841 Ca2 O6 Si Ti.cif,unique,0.08267737447299024,9001841 Ca2 O6 Si Ti.cif,0.40770108524993776,29.76598918235223,2.8886765049709853,tetragonal,cubic,[]
struct_0330_relaxed.cif,Ca4Ti3Si4O3,,unique,,,,,,triclinic,,[]
struct_0331_relaxed.cif,CaTi(SiO4)2,,unique,,,,,,triclinic,,[]
struct_0332_relaxed.cif,CaTi2Si2O7,,unique,,,,,,triclinic,,[]
struct_0333_relaxed.cif,CaTiSiO,,unique,,,,,,trigonal,,[]
struct_0334_relaxed.cif,CaTiSiO5,9005927 Ca O5 Si Ti.cif,unique,0.011386320213322759,9005927 Ca O5 Si Ti.cif,0.2858791618411613,15.621204484367468,0.9684374340236832,monoclinic,monoclinic,[]
struct_0335_relaxed.cif,CaTi(SiO4)2,,unique,,,,,,triclinic,,[]
struct_0336_relaxed.cif,CaTi2Si2O,,unique,,,,,,tetragonal,,[]
struct_0337_relaxed.cif,Ca2TiSiO6,9001841 Ca2 O6 Si Ti.cif,unique,0.08691815457399987,9001841 Ca2 O6 Si Ti.cif,0.405428004054721,29.740332993225486,2.896726426654562,triclinic,cubic,[]
struct_0338_relaxed.cif,Ca3Ti2Si2O13,,unique,,,,,,triclinic,,[]
struct_0339_relaxed.cif,CaTi(SiO3)2,,unique,,,,,,triclinic,,[]
struct_0340_relaxed.cif,Ca3Ti2(SiO)2,,unique,,,,,,tetragonal,,[]
struct_0341_relaxed.cif,CaTiSiO,,unique,,,,,,tetragonal,,[]
struct_0342_relaxed.cif,CaSi2O,,unique,,,,,,trigonal,,[]
struct_0343_relaxed.cif,Ca2TiSiO6,9001841 Ca2 O6 Si Ti.cif,unique,0.0883809886557083,9001841 Ca2 O6 Si Ti.cif,0.40680147107661657,29.889097411151667,2.926098576920559,monoclinic,cubic,[]
struct_0344_relaxed.cif,CaSiO,,unique,,,,,,tetragonal,,[]
struct_0345_relaxed.cif,CaTi(SiO4)2,,unique,,,,,,triclinic,,[]
struct_0346_relaxed.cif,CaTiSiO,,unique,,,,,,trigonal,,[]
struct_0347_relaxed.cif,Ca2Ti2Si2O9,,unique,,,,,,triclinic,,[]
struct_0348_relaxed.cif,CaTiO3,,unique,,,,,,monoclinic,,[]
struct_0349_relaxed.cif,Ca2TiSiO4,,unique,,,,,,triclinic,,[]
struct_0350_relaxed.cif,Ca4Ti(SiO4)3,,unique,,,,,,triclinic,,[]
struct_0351_relaxed.cif,CaTi2(SiO4)3,,unique,,,,,,triclinic,,[]
struct_0352_relaxed.cif,Ca2TiSiO6,9001841 Ca2 O6 Si Ti.cif,unique,0.08582371356008921,9001841 Ca2 O6 Si Ti.cif,0.4066562491764899,29.878491914335925,2.9180694036424346,monoclinic,cubic,[]
struct_0353_relaxed.cif,CaTi2SiO8,,unique,,,,,,triclinic,,[]
struct_0354_relaxed.cif,CaTiSiO,,unique,,,,,,tetragonal,,[]
struct_0355_relaxed.cif,Ca2Ti2Si3O11,,unique,,,,,,triclinic,,[]
struct_0356_relaxed.cif,Ca2Ti2SiO,,unique,,,,,,tetragonal,,[]
struct_0357_relaxed.cif,Ca3TiSiO7,,unique,,,,,,triclinic,,[]
struct_0358_relaxed.cif,CaTiSiO4,,unique,,,,,,monoclinic,,[]
struct_0359_relaxed.cif,Ca2TiSiO6,9001841 Ca2 O6 Si Ti.cif,unique,0.08232667070661417,9001841 Ca2 O6 Si Ti.cif,0.40656650910762193,29.889301031887996,2.903211315426204,tetragonal,cubic,[]
struct_0360_relaxed.cif,Ti(SiO4)2,,unique,,,,,,triclinic,,[]
struct_0361_relaxed.cif,Ca2TiSi4O7,,unique,,,,,,triclinic,,[]
struct_0362_relaxed.cif,CaTi(SiO)2,,unique,,,,,,triclinic,,[]
struct_0363_relaxed.cif,CaTiSiO,,unique,,,,,,trigonal,,[]
struct_0364_relaxed.cif,CaTi(SiO4)2,,unique,,,,,,trigonal,,[]
struct_0365_relaxed.cif,CaTi(SiO4)2,,unique,,,,,,monoclinic,,[]
struct_0366_relaxed.cif,CaTi(SiO4)2,,unique,,,,,,triclinic,,[]
struct_0367_relaxed.cif,CaTiSiO6,,unique,,,,,,trigonal,,[]
struct_0368_relaxed.cif,CaTi2Si2O,,unique,,,,,,tetragonal,,[]
struct_0369_relaxed.cif,Ca3Ti3(SiO6)2,,unique,,,,,,triclinic,,[]
struct_0370_relaxed.cif,CaTiSiO5,9005927 Ca O5 Si Ti.cif,unique,0.011819598183119527,9005927 Ca O5 Si Ti.cif,0.28504807958856876,15.602333715736776,0.96563002958363,monoclinic,monoclinic,[]
struct_0371_relaxed.cif,CaSiO2,,unique,,,,,,triclinic,,[]
struct_0372_relaxed.cif,Ca2TiSiO6,9001841 Ca2 O6 Si Ti.cif,unique,0.08495113740384017,9001841 Ca2 O6 Si Ti.cif,0.4073994855887821,29.77244894019745,2.881966305317385,tetragonal,cubic,[]
struct_0373_relaxed.cif,Ca3Ti(SiO4)3,,unique,,,,,,triclinic,,[]
struct_0374_relaxed.cif,Ca3Ti4(SiO)4,,unique,,,,,,monoclinic,,[]
struct_0375_relaxed.cif,CaTi2Si3O2,,unique,,,,,,triclinic,,[]
struct_0376_relaxed.cif,Ca2Ti2SiO7,,unique,,,,,,triclinic,,[]
struct_0377_relaxed.cif,CaTiSiO2,,unique,,,,,,monoclinic,,[]
struct_0378_relaxed.cif,Ca5Ti2Si3O10,,unique,,,,,,triclinic,,[]
struct_0379_relaxed.cif,Ca3Ti(SiO3)4,,unique,,,,,,triclinic,,[]
struct_0380_relaxed.cif,CaSi2O,,unique,,,,,,trigonal,,[]
struct_0381_relaxed.cif,Ca2TiSiO6,9001841 Ca2 O6 Si Ti.cif,unique,0.08708702565162911,9001841 Ca2 O6 Si Ti.cif,0.4122087824111217,29.554047826730454,2.9352939626099754,triclinic,cubic,[]
struct_0382_relaxed.cif,Ca2TiSiO6,9001841 Ca2 O6 Si Ti.cif,unique,0.005307178930238404,9001841 Ca2 O6 Si Ti.cif,0.39854120143487143,30.0769408377029,2.871947815739676,cubic,cubic,[]
struct_0383_relaxed.cif,Ca2Ti2Si3O11,,unique,,,,,,triclinic,,[]
struct_0384_relaxed.cif,CaTiSiO6,,unique,,,,,,monoclinic,,[]
struct_0385_relaxed.cif,CaTiSi2O7,,unique,,,,,,triclinic,,[]
struct_0386_relaxed.cif,CaTiSiO,,unique,,,,,,orthorhombic,,[]
struct_0387_relaxed.cif,Ca2TiSiO,,unique,,,,,,tetragonal,,[]
struct_0388_relaxed.cif,CaTi2SiO,,unique,,,,,,monoclinic,,[]
struct_0389_relaxed.cif,CaSiO2,,unique,,,,,,monoclinic,,[]
struct_0390_relaxed.cif,Ca3Ti2(SiO4)3,,unique,,,,,,triclinic,,[]
struct_0391_relaxed.cif,CaTiSiO,,unique,,,,,,orthorhombic,,[]
struct_0392_relaxed.cif,CaTi2SiO8,,unique,,,,,,monoclinic,,[]
struct_0393_relaxed.cif,Ca2TiSiO6,9001841 Ca2 O6 Si Ti.cif,unique,0.08308651067816458,9001841 Ca2 O6 Si Ti.cif,0.407946458001195,29.772913236006474,2.8968549439484104,tetragonal,cubic,[]
struct_0394_relaxed.cif,CaTiSiO2,,unique,,,,,,triclinic,,[]
struct_0395_relaxed.cif,Ca2Ti3SiO2,,unique,,,,,,tetragonal,,[]
struct_0396_relaxed.cif,Ti2SiO,,unique,,,,,,orthorhombic,,[]
struct_0397_relaxed.cif,CaTi(SiO4)2,,unique,,,,,,triclinic,,[]
struct_0398_relaxed.cif,CaSiO,,unique,,,,,,monoclinic,,[]
struct_0399_relaxed.cif,CaTiSiO,,unique,,,,,,tetragonal,,[]
struct_0400_relaxed.cif,CaTiSiO,,unique,,,,,,trigonal,,[]
struct_0401_relaxed.cif,Ca3Ti2(SiO)2,,unique,,,,,,tetragonal,,[]
struct_0402_relaxed.cif,CaTiSiO,,unique,,,,,,trigonal,,[]
struct_0403_relaxed.cif,CaSiO2,,unique,,,,,,triclinic,,[]
struct_0404_relaxed.cif,CaTiO2,,unique,,,,,,trigonal,,[]
struct_0405_relaxed.cif,Ca2Ti2SiO,,unique,,,,,,tetragonal,,[]
struct_0406_relaxed.cif,Ca2TiSiO6,9001841 Ca2 O6 Si Ti.cif,unique,0.08714918831805032,9001841 Ca2 O6 Si Ti.cif,0.4032842757053081,30.051955302642973,2.897895104559411,monoclinic,cubic,[]
struct_0407_relaxed.cif,CaTiSiO6,,unique,,,,,,trigonal,,[]
struct_0408_relaxed.cif,Ca2TiSiO6,9001841 Ca2 O6 Si Ti.cif,unique,0.005283945872786107,9001841 Ca2 O6 Si Ti.cif,0.4010774840121829,30.011238310363645,2.8885640534950063,cubic,cubic,[]
struct_0409_relaxed.cif,CaSi3O8,,unique,,,,,,triclinic,,[]
struct_0410_relaxed.cif,CaTiSiO6,,unique,,,,,,trigonal,,[]
struct_0411_relaxed.cif,CaTi2SiO,,unique,,,,,,orthorhombic,,[]
struct_0412_relaxed.cif,Ca2Ti5Si4O,,unique,,,,,,tetragonal,,[]
struct_0413_relaxed.cif,Ca2Ti2Si3O13,,unique,,,,,,triclinic,,[]
struct_0414_relaxed.cif,Ca3Ti4Si3O5,,unique,,,,,,monoclinic,,[]
struct_0415_relaxed.cif,CaTiSiO6,,unique,,,,,,trigonal,,[]
struct_0416_relaxed.cif,CaSi2O,,unique,,,,,,trigonal,,[]
struct_0417_relaxed.cif,CaTiSi2O7,,unique,,,,,,triclinic,,[]
struct_0418_relaxed.cif,CaTi(SiO4)2,,unique,,,,,,triclinic,,[]
struct_0419_relaxed.cif,TiSiO2,,unique,,,,,,trigonal,,[]
struct_0420_relaxed.cif,CaTi(SiO3)2,,unique,,,,,,triclinic,,[]
struct_0421_relaxed.cif,CaTiSiO5,9005927 Ca O5 Si Ti.cif,unique,0.010294785593183158,9005927 Ca O5 Si Ti.cif,0.2847113687177464,15.72011229425749,0.963936155798199,monoclinic,monoclinic,[]
struct_0422_relaxed.cif,CaTi2Si2O9,,unique,,,,,,triclinic,,[]
struct_0423_relaxed.cif,CaTi2SiO,,unique,,,,,,tetragonal,,[]
struct_0424_relaxed.cif,CaTiSiO,,unique,,,,,,tetragonal,,[]
struct_0425_relaxed.cif,Ca2TiSiO6,9001841 Ca2 O6 Si Ti.cif,unique,0.08645838842257225,9001841 Ca2 O6 Si Ti.cif,0.4068046800882083,29.75464341112609,2.910324148937251,trigonal,cubic,[]
struct_0426_relaxed.cif,CaTi2Si2O9,,unique,,,,,,triclinic,,[]
struct_0427_relaxed.cif,Ca3TiSi2O9,,unique,,,,,,trigonal,,[]
struct_0428_relaxed.cif,CaTiSiO,,unique,,,,,,hexagonal,,[]
struct_0429_relaxed.cif,CaTi2SiO8,,unique,,,,,,triclinic,,[]
struct_0430_relaxed.cif,CaTi(SiO4)2,,unique,,,,,,triclinic,,[]
struct_0431_relaxed.cif,CaTiSiO,,unique,,,,,,tetragonal,,[]
struct_0432_relaxed.cif,Ca2TiSiO,,unique,,,,,,tetragonal,,[]
struct_0433_relaxed.cif,CaTi(SiO4)2,,unique,,,,,,triclinic,,[]
struct_0434_relaxed.cif,CaTi(SiO4)2,,unique,,,,,,triclinic,,[]
struct_0435_relaxed.cif,Ti2SiO6,,unique,,,,,,trigonal,,[]
struct_0436_relaxed.cif,CaTiSiO,,unique,,,,,,tetragonal,,[]
struct_0437_relaxed.cif,Ca2Ti3(SiO4)3,,unique,,,,,,triclinic,,[]
struct_0438_relaxed.cif,Ca2SiO4,,unique,,,,,,triclinic,,[]
struct_0439_relaxed.cif,TiSi2O,,unique,,,,,,triclinic,,[]
struct_0440_relaxed.cif,Ca2TiSiO,,unique,,,,,,tetragonal,,[]
struct_0441_relaxed.cif,Ca2Ti(SiO3)3,,unique,,,,,,triclinic,,[]
struct_0442_relaxed.cif,CaTi2Si2O,,unique,,,,,,tetragonal,,[]
struct_0443_relaxed.cif,Ca2TiSiO2,,unique,,,,,,triclinic,,[]
struct_0444_relaxed.cif,Ca2TiSiO6,9001841 Ca2 O6 Si Ti.cif,unique,0.08718652709823015,9001841 Ca2 O6 Si Ti.cif,0.40259475950617585,29.83351084230305,2.881089148165093,triclinic,cubic,[]
struct_0445_relaxed.cif,CaSiO2,,unique,,,,,,monoclinic,,[]
struct_0446_relaxed.cif,CaTiSiO,,unique,,,,,,tetragonal,,[]
struct_0447_relaxed.cif,CaTiSiO,,unique,,,,,,tetragonal,,[]
struct_0448_relaxed.cif,TiSiO,,unique,,,,,,monoclinic,,[]
struct_0449_relaxed.cif,TiSiO4,,unique,,,,,,tetragonal,,[]
struct_0450_relaxed.cif,Ca(SiO3)2,,unique,,,,,,trigonal,,[]
struct_0451_relaxed.cif,CaTi(SiO4)2,,unique,,,,,,monoclinic,,[]
struct_0452_relaxed.cif,Ca2Ti2Si3O,,unique,,,,,,tetragonal,,[]
struct_0453_relaxed.cif,TiSiO2,,unique,,,,,,monoclinic,,[]
struct_0454_relaxed.cif,CaTiSi3O7,,unique,,,,,,triclinic,,[]
struct_0455_relaxed.cif,CaTi2SiO,,unique,,,,,,tetragonal,,[]
struct_0456_relaxed.cif,Ca3Ti(SiO4)2,,unique,,,,,,triclinic,,[]
struct_0457_relaxed.cif,CaTiSi2O7,,unique,,,,,,monoclinic,,[]
struct_0458_relaxed.cif,CaTiSiO,,unique,,,,,,tetragonal,,[]
struct_0459_relaxed.cif,Ca2Ti3Si2O13,,unique,,,,,,triclinic,,[]
struct_0460_relaxed.cif,Ca3TiSi2O,,unique,,,,,,orthorhombic,,[]
struct_0461_relaxed.cif,CaTi(SiO4)2,,unique,,,,,,triclinic,,[]
struct_0462_relaxed.cif,CaTiSi,,unique,,,,,,orthorhombic,,[]
struct_0463_relaxed.cif,Ca2Ti3SiO8,,unique,,,,,,triclinic,,[]
struct_0464_relaxed.cif,CaTiSiO5,9005927 Ca O5 Si Ti.cif,unique,0.009572637253954923,9005927 Ca O5 Si Ti.cif,0.285193695681187,15.66880295188433,0.9659631459058365,monoclinic,monoclinic,[]
struct_0465_relaxed.cif,Ca3Ti2Si2O,,unique,,,,,,tetragonal,,[]
struct_0466_relaxed.cif,CaTi2Si2O,,unique,,,,,,tetragonal,,[]
struct_0467_relaxed.cif,CaTi(SiO4)2,,unique,,,,,,triclinic,,[]
struct_0468_relaxed.cif,Ca2Ti2Si2O11,,unique,,,,,,triclinic,,[]
struct_0469_relaxed.cif,CaTiSiO,,unique,,,,,,tetragonal,,[]
struct_0470_relaxed.cif,CaTiSiO,,unique,,,,,,monoclinic,,[]
struct_0471_relaxed.cif,CaTiSiO4,,unique,,,,,,monoclinic,,[]
struct_0472_relaxed.cif,CaSiO,,unique,,,,,,triclinic,,[]
struct_0473_relaxed.cif,Ca3Ti(SiO4)2,,unique,,,,,,monoclinic,,[]
struct_0474_relaxed.cif,Ca2TiSi2O7,,unique,,,,,,triclinic,,[]
struct_0475_relaxed.cif,CaTiSiO,,unique,,,,,,monoclinic,,[]
struct_0476_relaxed.cif,CaTiSiO,,unique,,,,,,orthorhombic,,[]
struct_0477_relaxed.cif,CaTi2Si2O,,unique,,,,,,tetragonal,,[]
struct_0478_relaxed.cif,CaTi2Si3O10,,unique,,,,,,triclinic,,[]
struct_0479_relaxed.cif,CaTiSiO,,unique,,,,,,orthorhombic,,[]
struct_0480_relaxed.cif,Ca2TiSi2O7,,unique,,,,,,triclinic,,[]
struct_0481_relaxed.cif,CaTi2Si2O7,,unique,,,,,,triclinic,,[]
struct_0482_relaxed.cif,CaTiSiO,,unique,,,,,,trigonal,,[]
struct_0483_relaxed.cif,CaTiSiO,,unique,,,,,,trigonal,,[]
struct_0484_relaxed.cif,CaTi2SiO6,,unique,,,,,,triclinic,,[]
struct_0485_relaxed.cif,CaSi2O,,unique,,,,,,trigonal,,[]
struct_0486_relaxed.cif,Ca3Ti(SiO3)4,,unique,,,,,,triclinic,,[]
struct_0487_relaxed.cif,Ca2TiSi2,,unique,,,,,,monoclinic,,[]
struct_0488_relaxed.cif,Ca4Ti3SiO10,,unique,,,,,,triclinic,,[]
struct_0489_relaxed.cif,Ca2TiSiO6,9001841 Ca2 O6 Si Ti.cif,unique,0.08401681005136873,9001841 Ca2 O6 Si Ti.cif,0.4070856401474722,29.79328130231059,2.880004361650368,tetragonal,cubic,[]
struct_0490_relaxed.cif,CaSi2O,,unique,,,,,,trigonal,,[]
struct_0491_relaxed.cif,CaSiO2,,unique,,,,,,triclinic,,[]
struct_0492_relaxed.cif,CaTiSiO5,,unique,0.6124589927875822,,,,,triclinic,,[]
struct_0493_relaxed.cif,Ca2TiSiO,,unique,,,,,,monoclinic,,[]
struct_0494_relaxed.cif,CaTi(SiO3)2,,unique,,,,,,triclinic,,[]
struct_0495_relaxed.cif,CaSiO2,,unique,,,,,,triclinic,,[]
struct_0496_relaxed.cif,Ca2Ti2Si3O11,,unique,,,,,,triclinic,,[]
struct_0497_relaxed.cif,Ca2TiSiO6,9001841 Ca2 O6 Si Ti.cif,unique,0.005329205558387695,9001841 Ca2 O6 Si Ti.cif,0.40093302241776735,30.021646783955163,2.8823259210527663,cubic,cubic,[]
struct_0498_relaxed.cif,Ca2TiSiO4,,unique,,,,,,triclinic,,[]
struct_0499_relaxed.cif,CaTiSiO5,9005927 Ca O5 Si Ti.cif,unique,0.012915956978161043,9005927 Ca O5 Si Ti.cif,0.2845460500545337,15.739611109785344,0.9601498776731431,monoclinic,monoclinic,[]
struct_0500_relaxed.cif,CaTiSiO,,unique,,,,,,trigonal,,[]
struct_0501_relaxed.cif,Ca2TiSiO6,9001841 Ca2 O6 Si Ti.cif,unique,0.0883053066125643,9001841 Ca2 O6 Si Ti.cif,0.40953699549834255,29.657758010718922,2.923813510058916,triclinic,cubic,[]
struct_0502_relaxed.cif,CaTi2Si2O,,unique,,,,,,tetragonal,,[]
struct_0503_relaxed.cif,Ca(SiO2)3,,unique,,,,,,triclinic,,[]
struct_0504_relaxed.cif,CaTi(SiO4)2,,unique,,,,,,triclinic,,[]
struct_0505_relaxed.cif,CaTiO2,,unique,,,,,,monoclinic,,[]
struct_0506_relaxed.cif,Ca3Ti2Si2O3,,unique,,,,,,triclinic,,[]
struct_0507_relaxed.cif,TiSiO2,,unique,,,,,,monoclinic,,[]
struct_0508_relaxed.cif,Ca2TiSiO5,,unique,,,,,,triclinic,,[]
struct_0509_relaxed.cif,CaTi(SiO4)2,,unique,,,,,,triclinic,,[]
struct_0510_relaxed.cif,Ca2TiSiO6,9001841 Ca2 O6 Si Ti.cif,unique,0.08349902132914575,9001841 Ca2 O6 Si Ti.cif,0.40928749756784666,29.82543865920246,2.9181052099878544,monoclinic,cubic,[]
struct_0511_relaxed.cif,Ca4Ti(SiO4)3,,unique,,,,,,triclinic,,[]
struct_0512_relaxed.cif,CaTi2SiO8,,unique,,,,,,triclinic,,[]
struct_0513_relaxed.cif,Ca3Ti3Si3O5,,unique,,,,,,triclinic,,[]
struct_0514_relaxed.cif,CaSiO,,unique,,,,,,trigonal,,[]
struct_0515_relaxed.cif,Ca2Ti3Si2O,,unique,,,,,,tetragonal,,[]
struct_0516_relaxed.cif,CaTi(SiO)3,,unique,,,,,,triclinic,,[]
struct_0517_relaxed.cif,Ca2TiSiO2,,unique,,,,,,monoclinic,,[]
struct_0518_relaxed.cif,Ca2TiSiO6,,unique,,,,,,triclinic,,[]
struct_0519_relaxed.cif,CaTi(SiO3)2,,unique,,,,,,triclinic,,[]
struct_0520_relaxed.cif,Ca(SiO3)2,,unique,,,,,,trigonal,,[]
struct_0521_relaxed.cif,CaTi2Si2O3,,unique,,,,,,triclinic,,[]
struct_0522_relaxed.cif,CaTiSiO6,,unique,,,,,,monoclinic,,[]
struct_0523_relaxed.cif,CaTiSiO6,,unique,,,,,,trigonal,,[]
struct_0524_relaxed.cif,CaSiO2,,unique,,,,,,triclinic,,[]
struct_0525_relaxed.cif,CaSiO2,,unique,,,,,,triclinic,,[]
struct_0526_relaxed.cif,CaTiSiO,,unique,,,,,,tetragonal,,[]
struct_0527_relaxed.cif,CaTiSiO3,,unique,,,,,,triclinic,,[]
struct_0528_relaxed.cif,Ca3Ti(SiO4)2,,unique,,,,,,triclinic,,[]
struct_0529_relaxed.cif,CaTi(SiO4)2,,unique,,,,,,triclinic,,[]
struct_0530_relaxed.cif,Ca3Ti(SiO)2,,unique,,,,,,monoclinic,,[]
struct_0531_relaxed.cif,Ca2TiSi2O7,,unique,,,,,,triclinic,,[]
struct_0532_relaxed.cif,CaTiSiO,,unique,,,,,,monoclinic,,[]
struct_0533_relaxed.cif,CaTiSiO,,unique,,,,,,trigonal,,[]
struct_0534_relaxed.cif,CaTiSiO5,9005927 Ca O5 Si Ti.cif,unique,0.010009137150748984,9005927 Ca O5 Si Ti.cif,0.2848680812384103,15.741812613929142,0.9699753904396669,monoclinic,monoclinic,[]
struct_0535_relaxed.cif,CaTi(SiO3)2,,unique,,,,,,triclinic,,[]
struct_0536_relaxed.cif,Ca3Ti2(SiO4)3,,unique,,,,,,triclinic,,[]
struct_0537_relaxed.cif,CaTi2Si2O7,,unique,,,,,,triclinic,,[]
struct_0538_relaxed.cif,TiSiO4,,unique,,,,,,monoclinic,,[]
struct_0539_relaxed.cif,Ca3Ti4SiO12,,unique,,,,,,triclinic,,[]
struct_0540_relaxed.cif,Ca2TiSiO6,9001841 Ca2 O6 Si Ti.cif,unique,0.08609391557119248,9001841 Ca2 O6 Si Ti.cif,0.4025735333331592,29.898029548710042,2.881762970684624,triclinic,cubic,[]
struct_0541_relaxed.cif,Ca3Ti2Si2O11,,unique,,,,,,triclinic,,[]
struct_0542_relaxed.cif,Ca2Ti2Si3O11,,unique,,,,,,triclinic,,[]
struct_0543_relaxed.cif,Ca2TiSiO6,9001841 Ca2 O6 Si Ti.cif,unique,0.0868932555290168,9001841 Ca2 O6 Si Ti.cif,0.40773839002297835,29.9043751661836,2.9241735288368447,triclinic,cubic,[]
struct_0544_relaxed.cif,CaSiO2,,unique,,,,,,monoclinic,,[]
struct_0545_relaxed.cif,CaTiSiO5,9005927 Ca O5 Si Ti.cif,unique,0.011929954144919874,9005927 Ca O5 Si Ti.cif,0.2835041858879078,15.722818815187651,0.9627268570068732,monoclinic,monoclinic,[]
struct_0546_relaxed.cif,Ca2TiSiO,,unique,,,,,,tetragonal,,[]
struct_0547_relaxed.cif,Ca2TiSi2O5,,unique,,,,,,triclinic,,[]
struct_0548_relaxed.cif,Ti2SiO,,unique,,,,,,tetragonal,,[]
struct_0549_relaxed.cif,CaTi(SiO4)2,,unique,,,,,,monoclinic,,[]
struct_0550_relaxed.cif,Ca2TiSi3O10,,unique,,,,,,triclinic,,[]
struct_0551_relaxed.cif,CaTi2SiO,,unique,,,,,,tetragonal,,[]
struct_0552_relaxed.cif,CaTi2SiO8,,unique,,,,,,triclinic,,[]
struct_0553_relaxed.cif,CaTi(SiO3)2,,unique,,,,,,triclinic,,[]
struct_0554_relaxed.cif,Ca2Ti3SiO2,,unique,,,,,,triclinic,,[]
struct_0555_relaxed.cif,CaTiSiO,,unique,,,,,,monoclinic,,[]
struct_0556_relaxed.cif,CaTiSiO6,,unique,,,,,,monoclinic,,[]
struct_0557_relaxed.cif,CaTiSiO6,,unique,,,,,,triclinic,,[]
struct_0558_relaxed.cif,CaTi2SiO6,,unique,,,,,,triclinic,,[]
struct_0559_relaxed.cif,CaTi2SiO,,unique,,,,,,tetragonal,,[]
struct_0560_relaxed.cif,CaTi(SiO4)2,,unique,,,,,,triclinic,,[]
struct_0561_relaxed.cif,CaTiSiO6,,unique,,,,,,trigonal,,[]
struct_0562_relaxed.cif,CaTiSi,,unique,,,,,,monoclinic,,[]
struct_0563_relaxed.cif,Ca2TiSi2O7,,unique,,,,,,triclinic,,[]
struct_0564_relaxed.cif,Ca2TiSiO6,,unique,,,,,,tetragonal,,[]
struct_0565_relaxed.cif,CaSiO2,,unique,,,,,,monoclinic,,[]
struct_0566_relaxed.cif,CaTiSiO5,9005927 Ca O5 Si Ti.cif,unique,0.010956040742828322,9005927 Ca O5 Si Ti.cif,0.2829108333145997,15.70481354655169,0.9585126602269886,monoclinic,monoclinic,[]
struct_0567_relaxed.cif,Ca2TiSiO6,9001841 Ca2 O6 Si Ti.cif,unique,0.08520340755776325,9001841 Ca2 O6 Si Ti.cif,0.4041654178464998,30.048809893214525,2.896523960484352,triclinic,cubic,[]
struct_0568_relaxed.cif,CaSiO,,unique,,,,,,triclinic,,[]
struct_0569_relaxed.cif,CaTiSiO5,9005927 Ca O5 Si Ti.cif,unique,0.014417536203033975,9005927 Ca O5 Si Ti.cif,0.2825753878974236,15.671331170247726,0.9480962148501576,monoclinic,monoclinic,[]
struct_0570_relaxed.cif,Ca2TiSi2O7,,unique,,,,,,monoclinic,,[]
struct_0571_relaxed.cif,CaTiSiO3,,unique,,,,,,triclinic,,[]
struct_0572_relaxed.cif,CaTi2SiO8,,unique,,,,,,orthorhombic,,[]
struct_0573_relaxed.cif,CaTiSiO4,,unique,,,,,,triclinic,,[]
struct_0574_relaxed.cif,CaTiSiO6,,unique,,,,,,trigonal,,[]
struct_0575_relaxed.cif,CaTiSi2O7,,unique,,,,,,triclinic,,[]
struct_0576_relaxed.cif,Ca3Ti2(SiO5)2,,unique,,,,,,triclinic,,[]
struct_0577_relaxed.cif,Ca2Ti5Si3O2,,unique,,,,,,monoclinic,,[]
struct_0578_relaxed.cif,CaTi(SiO4)2,,unique,,,,,,triclinic,,[]
struct_0579_relaxed.cif,CaTiSiO,,unique,,,,,,triclinic,,[]
struct_0580_relaxed.cif,CaTiSiO,,unique,,,,,,tetragonal,,[]
struct_0581_relaxed.cif,Ca2TiSiO2,,unique,,,,,,tetragonal,,[]
struct_0582_relaxed.cif,Ca2TiSiO6,,unique,,,,,,triclinic,,[]
struct_0583_relaxed.cif,Ca2TiSiO6,9001841 Ca2 O6 Si Ti.cif,unique,0.0850247872102709,9001841 Ca2 O6 Si Ti.cif,0.4121091701879879,29.89032478712467,2.944085499334145,triclinic,cubic,[]
struct_0584_relaxed.cif,Ca2TiSiO,,unique,,,,,,triclinic,,[]
struct_0585_relaxed.cif,CaSi,,unique,,,,,,tetragonal,,[]
struct_0586_relaxed.cif,CaTi(SiO3)2,,unique,,,,,,triclinic,,[]
struct_0587_relaxed.cif,CaSiO2,,unique,,,,,,triclinic,,[]
struct_0588_relaxed.cif,CaTi(SiO4)2,,unique,,,,,,triclinic,,[]
struct_0589_relaxed.cif,CaTi(SiO4)2,,unique,,,,,,triclinic,,[]
struct_0590_relaxed.cif,CaSi2O,,unique,,,,,,trigonal,,[]
struct_0591_relaxed.cif,Ca2TiSi2O,,unique,,,,,,orthorhombic,,[]
struct_0592_relaxed.cif,Ca5Ti3Si3O,,unique,,,,,,orthorhombic,,[]
struct_0593_relaxed.cif,Ca2TiSiO6,9001841 Ca2 O6 Si Ti.cif,unique,0.005294667240503471,9001841 Ca2 O6 Si Ti.cif,0.3994245024499156,30.01893628229758,2.8760082693529005,cubic,cubic,[]
struct_0594_relaxed.cif,CaTiSiO6,,unique,,,,,,triclinic,,[]
struct_0595_relaxed.cif,CaTiSiO,,unique,,,,,,tetragonal,,[]
struct_0596_relaxed.cif,Ca2TiSiO7,,unique,,,,,,triclinic,,[]
struct_0597_relaxed.cif,CaTi2Si2O7,,unique,,,,,,triclinic,,[]
struct_0598_relaxed.cif,CaTi2SiO5,,unique,,,,,,triclinic,,[]
struct_0599_relaxed.cif,Ca2TiSiO2,,unique,,,,,,triclinic,,[]
struct_0600_relaxed.cif,Ca5Ti(SiO5)2,,unique,,,,,,triclinic,,[]
